episode,reward,smoothed_reward
1,5.2231,
2,6.9243,
3,4.4158,
4,7.259,
5,7.5018,
6,7.2073,
7,6.3541,
8,5.7633,
9,6.1532,
10,6.3556,
11,6.8667,
12,5.855,
13,7.0553,
14,7.4523,
15,6.1316,
16,5.486,
17,7.5077,
18,6.3817,
19,7.1174,
20,6.6207,
21,7.5073,
22,5.7285,
23,5.5689,
24,6.9183,
25,7.6033,
26,4.5634,
27,7.7492,
28,5.5248,
29,6.6082,
30,6.3065,
31,6.2503,
32,7.0163,
33,7.7393,
34,6.7088,
35,7.9142,
36,6.2079,
37,2.088,
38,6.9859,
39,5.9774,
40,7.7888,
41,6.4151,
42,7.8025,
43,7.4488,
44,6.6452,
45,6.0655,
46,5.3266,
47,6.8738,
48,7.5967,
49,7.8844,
50,6.5962,
51,6.6685,
52,5.4383,
53,7.2873,
54,5.834,
55,6.4378,
56,2.8786,
57,7.0449,
58,8.2642,
59,6.5236,
60,6.9471,
61,6.8862,
62,7.1489,
63,7.7275,
64,6.6225,
65,4.2068,
66,6.729,
67,0.3226,
68,6.126,
69,7.8968,
70,8.9783,
71,6.1088,
72,7.5153,
73,5.4478,
74,7.1674,
75,6.7241,
76,6.8545,
77,-2.8218,
78,7.2907,
79,6.9024,
80,7.5107,
81,5.743,
82,8.0918,
83,6.7266,
84,7.1504,
85,6.6284,
86,4.6592,
87,7.3701,
88,8.535,
89,6.1366,
90,7.1909,
91,4.9432,
92,6.1813,
93,7.9039,
94,5.6524,
95,6.8602,
96,3.043,
97,4.9428,
98,6.7576,
99,6.4997,
100,7.4251,6.4015
101,6.8111,6.4174
102,-2.4898,6.3233
103,7.2332,6.3514
104,6.6411,6.3453
105,7.3322,6.3436
106,5.7527,6.329
107,7.6328,6.3418
108,7.0323,6.3545
109,6.6983,6.3599
110,7.1384,6.3678
111,7.0855,6.37
112,6.6977,6.3784
113,7.678,6.3846
114,7.537,6.3855
115,6.4618,6.3888
116,6.4161,6.3981
117,6.9711,6.3927
118,7.7364,6.4062
119,6.1027,6.3961
120,7.9498,6.4094
121,5.4936,6.3892
122,6.7363,6.3993
123,7.8052,6.4217
124,6.3292,6.4158
125,7.2362,6.4121
126,7.4964,6.4415
127,7.4079,6.438
128,7.7968,6.4608
129,7.1608,6.4663
130,8.2677,6.4859
131,6.0175,6.4836
132,7.0956,6.4844
133,7.5312,6.4823
134,7.1661,6.4869
135,6.5385,6.4731
136,7.8103,6.4891
137,6.3143,6.5314
138,4.7112,6.5086
139,3.8982,6.4879
140,7.2139,6.4821
141,5.1633,6.4696
142,7.578,6.4673
143,7.1512,6.4644
144,-0.8891,6.389
145,6.255,6.3909
146,1.2243,6.3499
147,6.5828,6.347
148,6.932,6.3403
149,7.4484,6.336
150,5.4961,6.325
151,7.6874,6.3352
152,5.9748,6.3405
153,7.0857,6.3385
154,4.2419,6.3226
155,6.9934,6.3281
156,6.1307,6.3607
157,6.4313,6.3545
158,6.9651,6.3415
159,7.8343,6.3546
160,6.4228,6.3494
161,7.1891,6.3524
162,7.452,6.3555
163,6.1592,6.3398
164,7.4109,6.3477
165,4.7666,6.3533
166,8.069,6.3667
167,7.3048,6.4365
168,6.1461,6.4367
169,4.7771,6.4055
170,8.2128,6.3978
171,6.2803,6.3996
172,7.1738,6.3961
173,5.0693,6.3924
174,6.7951,6.3886
175,2.9308,6.3507
176,5.9962,6.3421
177,5.0055,6.4204
178,6.475,6.4122
179,7.9425,6.4226
180,4.3964,6.3915
181,6.0184,6.3942
182,8.0533,6.3939
183,2.8887,6.3555
184,7.583,6.3598
185,6.6544,6.3601
186,7.5511,6.389
187,7.2405,6.3877
188,6.5187,6.3675
189,3.2464,6.3386
190,6.0359,6.3271
191,4.8446,6.3261
192,-1.2003,6.2523
193,5.6845,6.2301
194,7.3646,6.2472
195,6.8398,6.247
196,6.7981,6.2845
197,6.2081,6.2972
198,6.9855,6.2995
199,7.7239,6.3117
200,8.364,6.3211
201,7.4572,6.3276
202,6.613,6.4186
203,6.9866,6.4161
204,7.4494,6.4242
205,6.0964,6.4119
206,7.8207,6.4325
207,6.8521,6.4247
208,7.1658,6.4261
209,7.5447,6.4345
210,5.4761,6.4179
211,7.3155,6.4202
212,8.2158,6.4354
213,6.8954,6.4276
214,8.6039,6.4382
215,7.8844,6.4525
216,6.4303,6.4526
217,7.4357,6.4572
218,7.4546,6.4544
219,2.7507,6.4209
220,7.6067,6.4175
221,3.0992,6.3935
222,3.3306,6.3595
223,6.8169,6.3496
224,7.2954,6.3592
225,5.7277,6.3442
226,3.529,6.3045
227,3.9238,6.2696
228,7.113,6.2628
229,6.4349,6.2555
230,5.2587,6.2255
231,7.1873,6.2372
232,7.9265,6.2455
233,6.5254,6.2354
234,7.1113,6.2349
235,3.2245,6.2017
236,8.12,6.2048
237,5.2405,6.1941
238,7.7373,6.2243
239,6.6241,6.2516
240,7.2153,6.2516
241,6.4868,6.2648
242,7.4372,6.2634
243,7.9476,6.2714
244,8.4262,6.3646
245,6.3612,6.3656
246,6.5745,6.4191
247,7.3704,6.427
248,3.9072,6.3967
249,6.4781,6.387
250,7.0178,6.4023
251,6.709,6.3925
252,4.1202,6.3739
253,7.1467,6.3745
254,7.5134,6.4073
255,7.9872,6.4172
256,7.3615,6.4295
257,7.2676,6.4379
258,7.5397,6.4436
259,6.6561,6.4318
260,8.0422,6.448
261,6.5818,6.4419
262,8.1749,6.4492
263,7.3638,6.4612
264,3.8117,6.4252
265,7.5848,6.4534
266,6.7711,6.4404
267,7.2316,6.4397
268,7.7936,6.4562
269,5.851,6.4669
270,7.779,6.4626
271,3.9013,6.4388
272,7.2295,6.4393
273,7.7341,6.466
274,7.8911,6.477
275,7.8973,6.5266
276,2.0647,6.4873
277,3.7483,6.4747
278,5.8742,6.4687
279,6.8711,6.458
280,3.2349,6.4464
281,8.1097,6.4673
282,6.9637,6.4564
283,7.0149,6.4977
284,1.5491,6.4373
285,6.4374,6.4352
286,7.0393,6.43
287,5.6068,6.4137
288,8.2405,6.4309
289,7.3755,6.4722
290,7.2455,6.4843
291,7.5949,6.5118
292,6.5209,6.589
293,5.5212,6.5874
294,8.2037,6.5958
295,5.0284,6.5777
296,8.2905,6.5926
297,7.5405,6.6059
298,4.9421,6.5855
299,7.414,6.5824
300,7.1099,6.5699
301,-0.0923,6.4944
302,7.2024,6.5003
303,7.8426,6.5088
304,6.9067,6.5034
305,7.7225,6.5196
306,5.8306,6.4997
307,7.8576,6.5098
308,8.0417,6.5186
309,6.6124,6.5092
310,7.2127,6.5266
311,6.6702,6.5202
312,7.7459,6.5155
313,7.6659,6.5232
314,6.6929,6.504
315,7.6369,6.5016
316,6.9483,6.5068
317,7.4134,6.5065
318,6.904,6.501
319,7.6179,6.5497
320,6.3472,6.5371
321,7.0144,6.5763
322,7.2172,6.6151
323,7.9673,6.6266
324,7.9333,6.633
325,7.9237,6.655
326,6.9339,6.689
327,5.2741,6.7025
328,7.6581,6.708
329,7.542,6.719
330,7.6671,6.7431
331,8.2507,6.7538
332,6.1603,6.7361
333,7.2424,6.7433
334,7.4,6.7461
335,7.1467,6.7854
336,7.3252,6.7774
337,6.8963,6.794
338,7.5852,6.7925
339,7.7711,6.8039
340,7.8341,6.8101
341,6.9903,6.8152
342,7.0379,6.8112
343,7.4218,6.8059
344,7.0604,6.7922
345,7.2781,6.8014
346,7.2308,6.808
347,8.5092,6.8194
348,7.5566,6.8559
349,8.1028,6.8721
350,7.344,6.8754
351,7.8573,6.8868
352,7.436,6.92
353,7.2142,6.9207
354,7.5078,6.9206
355,8.0393,6.9211
356,7.4051,6.9216
357,6.8507,6.9174
358,7.1816,6.9138
359,7.4943,6.9222
360,6.9984,6.9118
361,6.9009,6.915
362,7.5027,6.9082
363,7.9914,6.9145
364,6.3692,6.9401
365,6.698,6.9312
366,6.6968,6.9305
367,7.4185,6.9324
368,6.8086,6.9225
369,7.4918,6.9389
370,7.6277,6.9374
371,5.6297,6.9547
372,8.1968,6.9644
373,7.4446,6.9615
374,7.4177,6.9567
375,4.0758,6.9185
376,6.8509,6.9664
377,7.8964,7.0079
378,7.4651,7.0238
379,8.1357,7.0364
380,7.4483,7.0785
381,7.389,7.0713
382,7.3424,7.0751
383,6.3194,7.0682
384,6.988,7.1226
385,5.1194,7.1094
386,7.6615,7.1156
387,7.0353,7.1299
388,7.5152,7.1226
389,6.9973,7.1188
390,7.4783,7.1212
391,0.2751,7.048
392,7.5831,7.0586
393,8.1379,7.0848
394,9.3547,7.0963
395,7.0046,7.116
396,3.2577,7.0657
397,7.4162,7.0645
398,7.3803,7.0888
399,7.6286,7.091
400,7.0574,7.0905
401,6.6436,7.1578
402,7.6068,7.1619
403,7.8016,7.1615
404,5.4508,7.1469
405,7.3603,7.1433
406,2.3319,7.1083
407,5.2363,7.0821
408,4.2726,7.0444
409,-2.0008,6.9583
410,7.4453,6.9606
411,6.5852,6.9597
412,-2.9545,6.8527
413,6.6027,6.8421
414,0.3463,6.7786
415,6.9284,6.7715
416,1.6551,6.7186
417,6.304,6.7075
418,-3.2348,6.6061
419,7.8995,6.6089
420,7.7523,6.623
421,6.8648,6.6215
422,7.0211,6.6195
423,-0.9096,6.5308
424,8.2492,6.5339
425,6.0447,6.5151
426,7.9032,6.5248
427,5.3268,6.5254
428,5.9879,6.5087
429,7.7491,6.5107
430,7.2977,6.507
431,7.8145,6.5027
432,8.3988,6.5251
433,3.4105,6.4867
434,6.5599,6.4783
435,7.787,6.4847
436,7.98,6.4913
437,7.0524,6.4929
438,6.321,6.4802
439,7.1568,6.4741
440,8.5463,6.4812
441,5.5259,6.4665
442,6.2982,6.4591
443,7.5706,6.4606
444,6.8993,6.459
445,7.6615,6.4629
446,7.833,6.4689
447,8.4214,6.468
448,7.8566,6.471
449,7.6397,6.4664
450,6.5923,6.4589
451,7.1887,6.4522
452,4.303,6.4208
453,7.0246,6.4189
454,6.937,6.4132
455,6.3822,6.3967
456,7.5039,6.3977
457,7.5896,6.405
458,7.3548,6.4068
459,7.2981,6.4048
460,7.6988,6.4118
461,7.5088,6.4179
462,6.3199,6.4061
463,4.8124,6.3743
464,7.5538,6.3861
465,7.6396,6.3955
466,6.1793,6.3904
467,8.3046,6.3992
468,6.3833,6.395
469,7.9236,6.3993
470,8.0784,6.4038
471,6.1415,6.4089
472,7.7953,6.4049
473,7.6755,6.4072
474,6.6986,6.4
475,7.3391,6.4327
476,6.9644,6.4338
477,5.7256,6.4121
478,6.9036,6.4065
479,7.759,6.4027
480,7.5104,6.4033
481,7.0922,6.4003
482,7.6352,6.4033
483,7.5928,6.416
484,4.6238,6.3924
485,7.135,6.4125
486,7.3545,6.4095
487,7.2063,6.4112
488,8.0452,6.4165
489,7.0264,6.4168
490,7.5282,6.4173
491,7.5916,6.4904
492,7.6907,6.4915
493,6.474,6.4749
494,6.1122,6.4424
495,7.6348,6.4487
496,6.1988,6.4781
497,7.8637,6.4826
498,7.4722,6.4835
499,5.4702,6.462
500,7.9563,6.4709
501,8.0075,6.4846
502,7.3034,6.4816
503,7.6521,6.4801
504,7.0993,6.4965
505,6.7372,6.4903
506,7.4472,6.5415
507,7.1789,6.5609
508,7.3875,6.592
509,5.5761,6.6678
510,8.5284,6.6786
511,7.9242,6.692
512,8.2098,6.8037
513,7.358,6.8112
514,6.7763,6.8755
515,7.5507,6.8817
516,6.3172,6.9284
517,6.7547,6.9329
518,5.2354,7.0176
519,7.3769,7.0124
520,7.4788,7.0096
521,6.1859,7.0028
522,7.0906,7.0035
523,6.1905,7.0745
524,8.1857,7.0739
525,4.7951,7.0614
526,8.1165,7.0635
527,6.9597,7.0799
528,6.8764,7.0887
529,3.6532,7.0478
530,6.8036,7.0428
531,7.2712,7.0374
532,8.1737,7.0352
533,5.7778,7.0588
534,7.3118,7.0663
535,7.5728,7.0642
536,6.1342,7.0457
537,7.3905,7.0491
538,7.1416,7.0573
539,8.2935,7.0687
540,7.9057,7.0623
541,7.7133,7.0842
542,7.7411,7.0986
543,6.5914,7.0888
544,7.0882,7.0907
545,7.4014,7.0881
546,7.9756,7.0895
547,7.6393,7.0817
548,7.3695,7.0768
549,7.7298,7.0777
550,7.3312,7.0851
551,7.3634,7.0869
552,7.597,7.1198
553,8.1473,7.131
554,6.0877,7.1225
555,7.6147,7.1349
556,7.6356,7.1362
557,8.1198,7.1415
558,6.9353,7.1373
559,6.2148,7.1265
560,9.0271,7.1397
561,6.7158,7.1318
562,7.2339,7.1409
563,7.7402,7.1702
564,6.0743,7.1554
565,8.093,7.16
566,6.3755,7.1619
567,6.2641,7.1415
568,6.9114,7.1468
569,-0.2544,7.065
570,5.2183,7.0364
571,7.7254,7.0523
572,7.9777,7.0541
573,6.5942,7.0433
574,6.5645,7.0419
575,8.0906,7.0494
576,7.1902,7.0517
577,7.734,7.0718
578,6.9026,7.0718
579,6.4899,7.0591
580,7.1358,7.0553
581,7.2301,7.0567
582,7.9639,7.06
583,6.9043,7.0531
584,7.5412,7.0823
585,7.043,7.0814
586,7.7053,7.0849
587,7.4922,7.0877
588,7.7948,7.0852
589,8.0645,7.0956
590,6.5668,7.086
591,7.1616,7.0817
592,6.1228,7.066
593,7.3854,7.0751
594,6.889,7.0829
595,8.6292,7.0929
596,8.1998,7.1129
597,3.6703,7.0709
598,7.5487,7.0717
599,8.6245,7.1032
600,6.7926,7.0916
601,7.3639,7.0852
602,8.1609,7.0937
603,8.9425,7.1066
604,6.9559,7.1052
605,7.5933,7.1138
606,7.1638,7.1109
607,6.6673,7.1058
608,6.5939,7.0979
609,8.6427,7.1285
610,7.5228,7.1185
611,7.7076,7.1163
612,6.7224,7.1015
613,7.9169,7.107
614,7.3057,7.1123
615,8.2321,7.1192
616,7.6032,7.132
617,7.1449,7.1359
618,7.8452,7.162
619,7.0837,7.1591
620,6.8743,7.153
621,7.7924,7.1691
622,7.5994,7.1742
623,6.6265,7.1785
624,7.0835,7.1675
625,6.8429,7.188
626,6.6876,7.1737
627,7.9459,7.1836
628,6.4977,7.1798
629,7.0445,7.2137
630,8.2336,7.228
631,8.0687,7.236
632,7.9539,7.2338
633,7.7736,7.2537
634,6.6242,7.2469
635,8.232,7.2535
636,7.1723,7.2638
637,7.3334,7.2633
638,6.5138,7.257
639,7.0468,7.2445
640,7.359,7.2391
641,7.755,7.2395
642,7.1225,7.2333
643,7.7615,7.245
644,7.2704,7.2468
645,7.3059,7.2459
646,7.5413,7.2415
647,7.6914,7.242
648,7.117,7.2395
649,7.007,7.2323
650,2.8791,7.1878
651,7.4525,7.1886
652,7.4546,7.1872
653,8.2494,7.1882
654,6.325,7.1906
655,7.6245,7.1907
656,7.0609,7.185
657,7.3697,7.1775
658,6.4894,7.173
659,7.8881,7.1897
660,7.4442,7.1739
661,6.9369,7.1761
662,6.5464,7.1692
663,5.7675,7.1495
664,8.1232,7.17
665,6.8777,7.1579
666,6.8516,7.1626
667,6.7212,7.1672
668,7.0767,7.1688
669,7.3349,7.2447
670,6.7506,7.2601
671,6.7907,7.2507
672,8.0074,7.251
673,4.0397,7.2255
674,6.6247,7.2261
675,3.4939,7.1801
676,7.268,7.1809
677,7.5219,7.1788
678,7.0092,7.1798
679,7.3395,7.1883
680,8.1654,7.1986
681,6.0647,7.187
682,4.3735,7.1511
683,6.8017,7.15
684,-2.699,7.0476
685,6.2555,7.0398
686,2.3524,6.9862
687,7.9441,6.9907
688,7.6262,6.9891
689,7.1902,6.9803
690,-0.2678,6.912
691,6.9402,6.9098
692,6.1662,6.9102
693,6.7635,6.904
694,6.961,6.9047
695,7.3364,6.8918
696,5.3093,6.8629
697,-4.0818,6.7853
698,-0.743,6.7024
699,5.2073,6.6682
700,7.5308,6.6756
701,6.4383,6.6664
702,7.0856,6.6556
703,1.0044,6.5762
704,4.7627,6.5543
705,6.9883,6.5483
706,7.7559,6.5542
707,8.0781,6.5683
708,7.8699,6.581
709,5.6508,6.5511
710,3.9238,6.5151
711,8.1475,6.5195
712,7.8046,6.5304
713,5.492,6.5061
714,8.0133,6.5132
715,7.2584,6.5034
716,8.2887,6.5103
717,3.8633,6.4775
718,6.9631,6.4687
719,7.9488,6.4773
720,5.1803,6.4604
721,9.5515,6.478
722,5.5568,6.4575
723,5.8675,6.4499
724,6.1356,6.4405
725,7.1869,6.4439
726,7.6735,6.4538
727,6.1806,6.4361
728,8.1726,6.4529
729,6.7473,6.4499
730,8.2035,6.4496
731,6.7742,6.4366
732,9.0527,6.4476
733,6.3649,6.4335
734,8.1104,6.4484
735,6.7064,6.4332
736,7.9524,6.441
737,5.5991,6.4236
738,5.884,6.4173
739,6.4025,6.4109
740,5.3587,6.3909
741,6.8868,6.3822
742,7.254,6.3835
743,7.018,6.3761
744,5.2265,6.3556
745,6.9911,6.3525
746,7.5132,6.3522
747,5.6577,6.3319
748,6.4059,6.3247
749,7.7422,6.3321
750,7.7846,6.3812
751,7.8243,6.3849
752,7.2506,6.3828
753,7.3222,6.3736
754,7.6568,6.3869
755,7.4551,6.3852
756,8.2637,6.3972
757,7.1853,6.3954
758,7.3797,6.4043
759,7.8346,6.4037
760,7.2639,6.4019
761,6.0508,6.3931
762,7.3619,6.4012
763,6.3441,6.407
764,7.9309,6.4051
765,8.0308,6.4166
766,6.2679,6.4108
767,5.6031,6.3996
768,7.235,6.4012
769,7.0634,6.3985
770,7.0819,6.4018
771,7.6884,6.4107
772,6.5776,6.3964
773,7.4993,6.431
774,6.8814,6.4336
775,5.9593,6.4583
776,7.4688,6.4603
777,8.1328,6.4664
778,7.4592,6.4709
779,7.1986,6.4695
780,7.6288,6.4641
781,7.092,6.4744
782,7.416,6.5048
783,7.5015,6.5118
784,8.1282,6.6201
785,7.6495,6.634
786,7.9078,6.6896
787,8.2562,6.6927
788,6.68,6.6832
789,7.4207,6.6855
790,7.0147,6.7584
791,6.2811,6.7518
792,6.6026,6.7561
793,6.9523,6.758
794,7.4053,6.7625
795,7.757,6.7667
796,7.1158,6.7847
797,6.7437,6.893
798,7.3492,6.9739
799,6.7713,6.9895
800,6.9986,6.9842
801,7.411,6.994
802,7.5655,6.9988
803,7.5502,7.0642
804,5.5738,7.0723
805,7.236,7.0748
806,7.5068,7.0723
807,4.137,7.0329
808,7.8299,7.0325
809,6.5929,7.0419
810,7.1382,7.0741
811,8.0546,7.0731
812,7.6979,7.0721
813,7.0906,7.088
814,7.4986,7.0829
815,8.0567,7.0909
816,6.4387,7.0724
817,7.873,7.1125
818,7.2004,7.1149
819,8.0007,7.1154
820,7.4411,7.138
821,7.4662,7.1171
822,8.2863,7.1444
823,8.0561,7.1663
824,6.686,7.1718
825,6.3829,7.1638
826,8.1828,7.1689
827,7.5881,7.1829
828,7.4254,7.1755
829,7.4887,7.1829
830,6.7508,7.1684
831,7.3589,7.1742
832,7.7443,7.1611
833,8.5829,7.1833
834,7.4722,7.1769
835,7.4813,7.1847
836,7.473,7.1799
837,8.0961,7.2048
838,7.8382,7.2244
839,8.3808,7.2442
840,6.8557,7.2591
841,5.4973,7.2452
842,7.3606,7.2463
843,8.1154,7.2573
844,7.7192,7.2822
845,7.6733,7.289
846,8.3956,7.2979
847,8.2485,7.3238
848,7.7048,7.3368
849,8.0845,7.3402
850,7.9413,7.3417
851,7.2281,7.3358
852,7.3271,7.3365
853,6.912,7.3324
854,6.7397,7.3233
855,6.824,7.317
856,8.7152,7.3215
857,4.5035,7.2947
858,7.2558,7.2934
859,7.2484,7.2876
860,7.6775,7.2917
861,8.554,7.3167
862,8.2424,7.3255
863,7.6964,7.3391
864,8.3079,7.3428
865,7.4022,7.3365
866,7.7739,7.3516
867,7.8194,7.3738
868,7.6291,7.3777
869,7.3762,7.3808
870,7.3795,7.3838
871,6.9902,7.3768
872,7.9756,7.3908
873,7.4166,7.39
874,7.2677,7.3938
875,6.8254,7.4025
876,6.9768,7.3976
877,7.3833,7.3901
878,8.0223,7.3957
879,6.2794,7.3865
880,8.1313,7.3916
881,8.1604,7.4022
882,8.0508,7.4086
883,6.8701,7.4023
884,7.2865,7.3939
885,6.9951,7.3873
886,7.4441,7.3827
887,6.8986,7.3691
888,7.7079,7.3794
889,8.2395,7.3876
890,6.8686,7.3861
891,8.8861,7.4122
892,8.0346,7.4265
893,7.73,7.4342
894,7.9873,7.4401
895,7.5309,7.4378
896,7.0676,7.4373
897,8.4119,7.454
898,8.157,7.4621
899,6.5223,7.4596
900,8.06,7.4702
901,7.6909,7.473
902,6.6041,7.4634
903,8.821,7.4761
904,7.4831,7.4952
905,7.156,7.4944
906,9.0132,7.5095
907,7.8536,7.5466
908,7.8252,7.5466
909,6.8809,7.5495
910,8.1658,7.5597
911,7.5822,7.555
912,7.0727,7.5488
913,7.2964,7.5508
914,8.5601,7.5614
915,7.3168,7.554
916,6.7785,7.5574
917,6.1848,7.5405
918,7.2711,7.5413
919,7.5538,7.5368
920,8.4199,7.5466
921,7.6045,7.548
922,8.2037,7.5471
923,7.2205,7.5388
924,7.9185,7.5511
925,6.6548,7.5538
926,8.1567,7.5536
927,7.2723,7.5504
928,7.4405,7.5506
929,7.9725,7.5554
930,5.6545,7.5444
931,7.5611,7.5464
932,7.0524,7.5395
933,8.1692,7.5354
934,8.3098,7.5438
935,5.8732,7.5277
936,6.1204,7.5142
937,6.8987,7.5022
938,8.0061,7.5039
939,7.1745,7.4918
940,8.0003,7.5032
941,7.9055,7.5273
942,7.3647,7.5274
943,7.3598,7.5198
944,8.0625,7.5232
945,7.6871,7.5234
946,6.8683,7.5081
947,7.7573,7.5032
948,7.1317,7.4975
949,7.2383,7.489
950,8.0288,7.4899
951,6.3227,7.4808
952,7.8654,7.4862
953,7.85,7.4956
954,7.2928,7.5011
955,6.874,7.5016
956,7.9447,7.4939
957,8.0031,7.5289
958,7.6845,7.5332
959,8.0968,7.5417
960,8.2751,7.5477
961,7.922,7.5413
962,7.2786,7.5317
963,6.5376,7.5201
964,7.6774,7.5138
965,8.4918,7.5247
966,7.9983,7.5269
967,7.6604,7.5254
968,7.8883,7.5279
969,7.8395,7.5326
970,8.3172,7.542
971,4.4093,7.5161
972,7.2416,7.5088
973,8.3051,7.5177
974,7.6336,7.5214
975,7.6691,7.5298
976,7.1673,7.5317
977,6.9864,7.5277
978,8.1036,7.5285
979,8.2129,7.5479
980,7.6442,7.543
981,8.1092,7.5425
982,7.102,7.533
983,8.5927,7.5502
984,7.9156,7.5565
985,7.4956,7.5615
986,7.5808,7.5629
987,7.4663,7.5686
988,8.0915,7.5724
989,8.0447,7.5705
990,6.285,7.5646
991,7.7794,7.5536
992,8.4361,7.5576
993,8.1862,7.5621
994,7.0379,7.5526
995,7.9033,7.5564
996,7.8927,7.5646
997,7.8837,7.5593
998,8.9181,7.5669
999,7.5931,7.5777
1000,7.032,7.5674
1001,8.2899,7.5734
1002,7.7013,7.5843
1003,7.6162,7.5723
1004,8.267,7.5801
1005,7.3433,7.582
1006,8.1541,7.5734
1007,6.3924,7.5588
1008,8.529,7.5658
1009,7.2816,7.5698
1010,5.7233,7.5454
1011,7.1549,7.5411
1012,7.4199,7.5446
1013,7.9727,7.5514
1014,8.2071,7.5479
1015,7.369,7.5484
1016,7.979,7.5604
1017,8.5071,7.5836
1018,8.1106,7.592
1019,8.0426,7.5969
1020,7.7342,7.59
1021,8.4356,7.5983
1022,7.5729,7.592
1023,7.821,7.598
1024,7.5031,7.5939
1025,8.1841,7.6092
1026,7.6518,7.6041
1027,8.0581,7.612
1028,6.4409,7.602
1029,7.8009,7.6003
1030,7.9981,7.6237
1031,6.8681,7.6168
1032,7.8615,7.6249
1033,8.6657,7.6298
1034,7.3913,7.6206
1035,7.5011,7.6369
1036,7.843,7.6541
1037,8.5844,7.671
1038,7.6679,7.6676
1039,8.3488,7.6794
1040,8.4426,7.6838
1041,7.4521,7.6793
1042,8.3265,7.6889
1043,6.1066,7.6763
1044,8.1728,7.6774
1045,6.7271,7.6678
1046,7.7263,7.6764
1047,7.9409,7.6783
1048,8.4578,7.6915
1049,8.1725,7.7009
1050,7.5465,7.696
1051,7.5876,7.7087
1052,7.979,7.7098
1053,6.7786,7.6991
1054,7.9491,7.7057
1055,7.8962,7.7159
1056,7.4119,7.7106
1057,7.9418,7.71
1058,7.8725,7.7118
1059,8.1852,7.7127
1060,6.6053,7.696
1061,7.7878,7.6947
1062,7.2524,7.6944
1063,8.2978,7.712
1064,7.8476,7.7137
1065,9.1867,7.7207
1066,7.4173,7.7149
1067,7.5035,7.7133
1068,8.627,7.7207
1069,7.8376,7.7207
1070,6.9459,7.707
1071,9.1685,7.7545
1072,8.0526,7.7627
1073,7.7022,7.7566
1074,8.1414,7.7617
1075,7.3605,7.7586
1076,7.5896,7.7628
1077,8.4395,7.7774
1078,8.9307,7.7856
1079,8.1916,7.7854
1080,6.8061,7.777
1081,7.2787,7.7687
1082,7.604,7.7738
1083,7.3945,7.7618
1084,6.791,7.7505
1085,6.5521,7.7411
1086,7.9245,7.7445
1087,7.0642,7.7405
1088,8.7804,7.7474
1089,7.522,7.7422
1090,5.637,7.7357
1091,7.4576,7.7325
1092,6.9996,7.7181
1093,8.1371,7.7176
1094,7.5559,7.7228
1095,7.1167,7.7149
1096,7.9319,7.7153
1097,8.1073,7.7176
1098,7.8602,7.707
1099,7.3426,7.7045
1100,8.1186,7.7153
1101,8.5719,7.7182
1102,7.5507,7.7167
1103,6.8736,7.7092
1104,6.122,7.6878
1105,7.4596,7.6889
1106,8.6682,7.6941
1107,7.7707,7.7079
1108,7.8171,7.7007
1109,7.1534,7.6995
1110,8.1855,7.7241
1111,8.0221,7.7328
1112,8.6656,7.7452
1113,7.2778,7.7383
1114,7.6163,7.7324
1115,6.9433,7.7281
1116,7.969,7.728
1117,7.1084,7.714
1118,8.253,7.7154
1119,9.1237,7.7263
1120,8.1598,7.7305
1121,6.3618,7.7098
1122,6.3763,7.6978
1123,6.7223,7.6868
1124,8.8281,7.7001
1125,8.5985,7.7042
1126,7.9523,7.7072
1127,7.3944,7.7006
1128,8.1711,7.7179
1129,7.3411,7.7133
1130,7.7672,7.711
1131,7.2009,7.7143
1132,6.7015,7.7027
1133,7.8523,7.6946
1134,8.3219,7.7039
1135,7.575,7.7046
1136,7.7046,7.7032
1137,7.6177,7.6936
1138,7.741,7.6943
1139,7.0186,7.681
1140,8.347,7.68
1141,7.229,7.6778
1142,8.4473,7.679
1143,8.0521,7.6985
1144,7.5843,7.6926
1145,6.2884,7.6882
1146,7.191,7.6828
1147,8.515,7.6886
1148,7.2246,7.6763
1149,7.3478,7.668
1150,7.6785,7.6693
1151,5.6979,7.6504
1152,7.6553,7.6472
1153,7.8577,7.658
1154,6.1373,7.6399
1155,8.0415,7.6413
1156,7.0884,7.6381
1157,7.622,7.6349
1158,7.7403,7.6336
1159,7.9909,7.6316
1160,7.5233,7.6408
1161,8.4825,7.6477
1162,7.8224,7.6534
1163,8.7946,7.6584
1164,7.7126,7.6571
1165,7.827,7.6435
1166,7.5448,7.6447
1167,8.4281,7.654
1168,7.9599,7.6473
1169,6.6733,7.6357
1170,7.8742,7.645
1171,8.1057,7.6343
1172,7.5486,7.6293
1173,7.7554,7.6298
1174,7.2626,7.621
1175,7.9311,7.6267
1176,7.8576,7.6294
1177,8.0994,7.626
1178,7.1864,7.6086
1179,8.4435,7.6111
1180,8.0732,7.6238
1181,7.0763,7.6217
1182,7.2593,7.6183
1183,7.6435,7.6208
1184,7.9061,7.6319
1185,7.0198,7.6366
1186,6.4403,7.6218
1187,7.9277,7.6304
1188,7.5542,7.6181
1189,7.5214,7.6181
1190,7.6966,7.6387
1191,7.7921,7.6421
1192,7.9545,7.6516
1193,7.9646,7.6499
1194,8.0286,7.6546
1195,6.7341,7.6508
1196,6.8525,7.64
1197,7.7911,7.6368
1198,7.5749,7.634
1199,8.4868,7.6454
1200,7.6732,7.641
1201,7.0913,7.6262
1202,7.7636,7.6283
1203,8.6196,7.6458
1204,7.5438,7.66
1205,7.8981,7.6644
1206,9.4386,7.6721
1207,7.8749,7.6731
1208,7.8512,7.6735
1209,8.4654,7.6866
1210,7.9307,7.684
1211,6.908,7.6729
1212,8.8039,7.6743
1213,7.5019,7.6765
1214,7.2033,7.6724
1215,6.9097,7.672
1216,8.1189,7.6735
1217,7.2059,7.6745
1218,7.4377,7.6664
1219,8.167,7.6568
1220,7.4975,7.6502
1221,7.0278,7.6568
1222,8.8125,7.6812
1223,7.4185,7.6882
1224,7.6125,7.676
1225,7.5837,7.6659
1226,8.037,7.6667
1227,8.7187,7.6799
1228,6.0639,7.6589
1229,7.3385,7.6588
1230,8.363,7.6648
1231,6.6184,7.659
1232,7.6147,7.6681
1233,7.5903,7.6655
1234,8.0565,7.6628
1235,7.3414,7.6605
1236,7.8219,7.6617
1237,8.3441,7.6689
1238,8.992,7.6814
1239,7.7044,7.6883
1240,8.6995,7.6918
1241,8.2379,7.7019
1242,8.3667,7.7011
1243,6.8991,7.6896
1244,8.0595,7.6943
1245,7.1495,7.7029
1246,7.5566,7.7066
1247,7.8807,7.7003
1248,8.6599,7.7146
1249,6.4013,7.7051
1250,6.9414,7.6978
1251,8.2576,7.7234
1252,7.2259,7.7191
1253,7.7793,7.7183
1254,8.0015,7.7369
1255,8.7274,7.7438
1256,8.7927,7.7608
1257,7.0287,7.7549
1258,7.3799,7.7513
1259,7.5033,7.7464
1260,7.8386,7.7496
1261,7.6579,7.7413
1262,8.5349,7.7485
1263,6.4852,7.7254
1264,7.5774,7.724
1265,7.7999,7.7237
1266,8.6808,7.7351
1267,7.7451,7.7283
1268,7.4999,7.7237
1269,8.1009,7.7379
1270,7.3699,7.7329
1271,6.8454,7.7203
1272,8.0193,7.725
1273,7.9314,7.7268
1274,7.586,7.73
1275,7.7022,7.7277
1276,7.8695,7.7278
1277,7.4759,7.7216
1278,8.0956,7.7307
1279,8.1601,7.7279
1280,7.6838,7.724
1281,7.3693,7.7269
1282,8.024,7.7345
1283,8.0569,7.7387
1284,8.4859,7.7445
1285,8.5811,7.7601
1286,7.6607,7.7723
1287,8.2573,7.7756
1288,7.1668,7.7717
1289,7.2986,7.7695
1290,8.2317,7.7748
1291,6.5593,7.7625
1292,8.4795,7.7678
1293,8.4729,7.7728
1294,7.4416,7.767
1295,6.958,7.7692
1296,7.8776,7.7795
1297,8.4468,7.786
1298,8.0606,7.7909
1299,7.7542,7.7835
1300,8.0338,7.7872
1301,8.3051,7.7993
1302,8.8217,7.8099
1303,7.7375,7.8011
1304,8.1571,7.8072
1305,8.6232,7.8144
1306,8.4754,7.8048
1307,8.0526,7.8066
1308,6.8681,7.7968
1309,7.3212,7.7853
1310,7.6508,7.7825
1311,7.6355,7.7898
1312,7.5034,7.7768
1313,6.9093,7.7709
1314,8.8413,7.7872
1315,7.3895,7.792
1316,7.6675,7.7875
1317,7.9365,7.7948
1318,8.1349,7.8018
1319,7.7825,7.798
1320,8.1498,7.8045
1321,7.8913,7.8131
1322,7.8378,7.8034
1323,8.3081,7.8123
1324,7.7212,7.8133
1325,8.3959,7.8215
1326,7.8279,7.8194
1327,7.8942,7.8111
1328,7.2152,7.8226
1329,7.4808,7.8241
1330,7.739,7.8178
1331,8.1943,7.8336
1332,8.5385,7.8428
1333,8.3854,7.8508
1334,7.8798,7.849
1335,8.4453,7.86
1336,6.7075,7.8489
1337,7.3103,7.8386
1338,7.8996,7.8276
1339,6.653,7.8171
1340,7.8077,7.8082
1341,8.2259,7.8081
1342,9.1217,7.8156
1343,8.0637,7.8273
1344,7.996,7.8267
1345,7.3757,7.8289
1346,8.3608,7.837
1347,7.623,7.8344
1348,7.6564,7.8243
1349,7.8832,7.8392
1350,8.0847,7.8506
1351,8.3643,7.8517
1352,7.7651,7.8571
1353,7.944,7.8587
1354,7.8922,7.8576
1355,7.1069,7.8414
1356,8.6098,7.8396
1357,7.6069,7.8454
1358,8.0731,7.8523
1359,8.7152,7.8644
1360,8.6135,7.8722
1361,-0.7535,7.788
1362,7.9453,7.7821
1363,7.7649,7.7949
1364,7.346,7.7926
1365,7.2408,7.787
1366,8.0509,7.7807
1367,8.9529,7.7928
1368,7.5045,7.7929
1369,7.8058,7.7899
1370,7.8722,7.7949
1371,7.9136,7.8056
1372,8.696,7.8124
1373,7.5285,7.8084
1374,6.9157,7.8017
1375,6.6205,7.7908
1376,8.4125,7.7963
1377,7.8464,7.8
1378,8.466,7.8037
1379,8.5606,7.8077
1380,7.0035,7.8009
1381,7.6729,7.8039
1382,7.5794,7.7995
1383,7.3211,7.7921
1384,7.3097,7.7803
1385,8.9132,7.7837
1386,7.1038,7.7781
1387,8.7095,7.7826
1388,8.2418,7.7934
1389,7.7239,7.7976
1390,7.9716,7.795
1391,7.012,7.7995
1392,7.431,7.7891
1393,8.73,7.7916
1394,8.5319,7.8025
1395,8.8734,7.8217
1396,8.0329,7.8232
1397,9.3213,7.832
1398,7.1495,7.8229
1399,8.3513,7.8289
1400,8.14,7.8299
1401,7.3182,7.82
1402,6.7457,7.7993
1403,7.6575,7.7985
1404,8.5413,7.8023
1405,7.7708,7.7938
1406,9.164,7.8007
1407,8.3722,7.8039
1408,9.3621,7.8288
1409,7.353,7.8291
1410,7.7672,7.8303
1411,8.1115,7.8351
1412,8.5676,7.8457
1413,7.6213,7.8528
1414,7.7669,7.8421
1415,8.0586,7.8488
1416,7.8774,7.8509
1417,7.9723,7.8512
1418,8.3899,7.8538
1419,7.7526,7.8535
1420,7.5244,7.8472
1421,8.0303,7.8486
1422,7.5413,7.8457
1423,7.3719,7.8363
1424,8.6923,7.846
1425,6.7748,7.8298
1426,7.9207,7.8307
1427,7.6086,7.8279
1428,7.7877,7.8336
1429,7.4205,7.833
1430,7.0509,7.8261
1431,8.2053,7.8262
1432,7.7716,7.8185
1433,7.8546,7.8132
1434,6.6699,7.8011
1435,8.0971,7.7977
1436,7.56,7.8062
1437,7.199,7.8051
1438,8.4257,7.8103
1439,6.6868,7.8107
1440,8.4521,7.8171
1441,7.8585,7.8134
1442,7.2673,7.7949
1443,6.2604,7.7769
1444,7.9042,7.7759
1445,6.4244,7.7664
1446,7.707,7.7599
1447,8.0468,7.7641
1448,8.0037,7.7676
1449,7.3593,7.7624
1450,7.4338,7.7559
1451,7.8862,7.7511
1452,8.4527,7.7579
1453,7.1672,7.7502
1454,7.3926,7.7452
1455,7.9441,7.7536
1456,7.9235,7.7467
1457,8.3299,7.7539
1458,8.238,7.7556
1459,8.0902,7.7493
1460,7.6271,7.7395
1461,8.821,7.8352
1462,8.1246,7.837
1463,9.194,7.8513
1464,6.6209,7.844
1465,9.4707,7.8663
1466,5.8248,7.8441
1467,7.2855,7.8274
1468,7.0761,7.8231
1469,7.4702,7.8198
1470,3.5907,7.7769
1471,7.8295,7.7761
1472,5.6369,7.7455
1473,8.4331,7.7546
1474,8.2214,7.7676
1475,8.1628,7.783
1476,7.9149,7.7781
1477,8.0928,7.7805
1478,8.1276,7.7771
1479,7.8707,7.7702
1480,7.8627,7.7788
1481,8.6207,7.7883
1482,8.2665,7.7952
1483,7.9235,7.8012
1484,7.7279,7.8054
1485,8.1095,7.7974
1486,8.4815,7.8111
1487,7.9894,7.8039
1488,7.5202,7.7967
1489,7.1847,7.7913
1490,7.5881,7.7875
1491,8.0856,7.7982
1492,8.7899,7.8118
1493,7.0269,7.7948
1494,7.5632,7.7851
1495,6.908,7.7654
1496,8.5941,7.7711
1497,8.1441,7.7593
1498,8.058,7.7684
1499,8.0319,7.7652
1500,7.7998,7.7618
1501,7.3523,7.7621
1502,7.9233,7.7739
1503,6.582,7.7631
1504,6.9582,7.7473
1505,5.7667,7.7273
1506,7.6257,7.7119
1507,7.7493,7.7056
1508,7.87,7.6907
1509,6.9937,7.6871
1510,9.5291,7.7048
1511,8.0069,7.7037
1512,8.0703,7.6987
1513,7.5812,7.6983
1514,6.2985,7.6836
1515,6.8867,7.6719
1516,8.0983,7.6741
1517,7.1716,7.6661
1518,7.9747,7.662
1519,8.0062,7.6645
1520,7.6454,7.6657
1521,5.5106,7.6405
1522,8.057,7.6457
1523,8.8503,7.6605
1524,8.1479,7.655
1525,7.5362,7.6626
1526,7.3919,7.6574
1527,9.0849,7.6721
1528,7.6654,7.6709
1529,6.8812,7.6655
1530,7.7621,7.6726
1531,8.7778,7.6783
1532,7.1003,7.6716
1533,8.5575,7.6787
1534,7.4368,7.6863
1535,8.064,7.686
1536,5.3442,7.6638
1537,7.93,7.6711
1538,8.125,7.6681
1539,8.1365,7.6826
1540,7.1341,7.6695
1541,8.4469,7.6753
1542,8.3264,7.6859
1543,8.1701,7.705
1544,6.953,7.6955
1545,6.7385,7.6987
1546,8.0487,7.7021
1547,8.6252,7.7079
1548,8.4121,7.7119
1549,7.3534,7.7119
1550,7.8605,7.7161
1551,7.2043,7.7093
1552,7.8457,7.7033
1553,8.8574,7.7202
1554,8.7376,7.7336
1555,7.6608,7.7308
1556,8.0986,7.7325
1557,7.7489,7.7267
1558,7.5283,7.7196
1559,7.6984,7.7157
1560,6.7712,7.7071
1561,7.3637,7.6926
1562,7.165,7.683
1563,8.9349,7.6804
1564,7.9893,7.6941
1565,6.914,7.6685
1566,9.5794,7.706
1567,8.0253,7.7134
1568,7.9664,7.7224
1569,8.764,7.7353
1570,7.6581,7.776
1571,8.0783,7.7785
1572,7.7501,7.7996
1573,7.3739,7.789
1574,8.1474,7.7883
1575,8.1173,7.7878
1576,8.8577,7.7972
1577,7.6876,7.7932
1578,8.8628,7.8005
1579,8.2206,7.804
1580,8.5143,7.8105
1581,8.1078,7.8054
1582,7.7658,7.8004
1583,8.5422,7.8066
1584,7.176,7.8011
1585,8.5166,7.8051
1586,8.4107,7.8044
1587,8.3484,7.808
1588,7.7715,7.8105
1589,8.7806,7.8265
1590,7.9142,7.8298
1591,7.2778,7.8217
1592,7.7645,7.8114
1593,7.736,7.8185
1594,8.0924,7.8238
1595,7.7807,7.8325
1596,8.5473,7.8321
1597,7.4898,7.8255
1598,8.0388,7.8253
1599,7.8621,7.8236
1600,8.1135,7.8268
1601,8.4118,7.8374
1602,8.6484,7.8446
1603,8.3688,7.8625
1604,7.7437,7.8703
1605,6.5882,7.8786
1606,6.6582,7.8689
1607,8.3789,7.8752
1608,9.0274,7.8867
1609,7.4211,7.891
1610,7.9141,7.8749
1611,7.7312,7.8721
1612,8.3422,7.8748
1613,8.0398,7.8794
1614,8.5281,7.9017
1615,8.0876,7.9137
1616,8.319,7.9159
1617,7.7281,7.9215
1618,8.8808,7.9306
1619,7.617,7.9267
1620,8.2003,7.9322
1621,8.3723,7.9608
1622,9.1599,7.9719
1623,8.3435,7.9668
1624,8.6255,7.9716
1625,8.9902,7.9861
1626,8.0476,7.9927
1627,8.3133,7.985
1628,7.8012,7.9863
1629,8.3203,8.0007
1630,8.0046,8.0031
1631,7.6967,7.9923
1632,5.7875,7.9792
1633,6.7567,7.9612
1634,7.6113,7.9629
1635,8.069,7.963
1636,8.169,7.9912
1637,7.8717,7.9906
1638,8.9705,7.9991
1639,7.9944,7.9977
1640,7.9307,8.0056
1641,7.5341,7.9965
1642,8.7011,8.0003
1643,6.9557,7.9881
1644,9.0852,8.0094
1645,7.2372,8.0144
1646,8.7172,8.0211
1647,8.2245,8.0171
1648,8.5027,8.018
1649,8.5529,8.03
1650,8.1088,8.0325
1651,8.3138,8.0436
1652,7.5759,8.0409
1653,8.236,8.0347
1654,8.2352,8.0296
1655,8.1987,8.035
1656,8.7791,8.0418
1657,6.1852,8.0262
1658,8.3125,8.034
1659,7.8298,8.0353
1660,7.2247,8.0399
1661,6.9454,8.0357
1662,8.8909,8.053
1663,8.2941,8.0466
1664,7.5081,8.0417
1665,7.3932,8.0465
1666,7.7623,8.0284
1667,7.7294,8.0254
1668,8.5501,8.0312
1669,7.7987,8.0216
1670,8.4653,8.0297
1671,7.3599,8.0225
1672,8.2282,8.0273
1673,7.9358,8.0329
1674,7.4327,8.0257
1675,7.6423,8.021
1676,8.0774,8.0132
1677,7.7295,8.0136
1678,8.1499,8.0065
1679,5.9728,7.984
1680,6.8228,7.9671
1681,8.5188,7.9712
1682,7.6157,7.9697
1683,7.6991,7.9612
1684,5.2531,7.942
1685,8.7059,7.9439
1686,8.0648,7.9405
1687,7.6368,7.9333
1688,7.1004,7.9266
1689,8.0351,7.9192
1690,7.8515,7.9185
1691,7.6263,7.922
1692,8.883,7.9332
1693,8.7536,7.9434
1694,7.8788,7.9413
1695,8.8809,7.9523
1696,7.8496,7.9453
1697,9.0129,7.9605
1698,8.7219,7.9673
1699,8.4656,7.9734
1700,9.2336,7.9846
1701,8.4257,7.9847
1702,8.8955,7.9872
1703,7.9873,7.9834
1704,8.5716,7.9917
1705,6.0366,7.9861
1706,7.528,7.9948
1707,8.0055,7.9911
1708,7.3414,7.9742
1709,7.6872,7.9769
1710,8.185,7.9796
1711,7.9279,7.9816
1712,7.359,7.9717
1713,8.1746,7.9731
1714,8.4511,7.9723
1715,7.21,7.9635
1716,9.1008,7.9714
1717,8.6164,7.9802
1718,8.2449,7.9739
1719,6.7986,7.9657
1720,8.4949,7.9686
1721,7.4873,7.9598
1722,8.3507,7.9517
1723,7.2766,7.941
1724,7.3694,7.9285
1725,7.815,7.9167
1726,4.8413,7.8847
1727,-4.7454,7.7541
1728,6.1224,7.7373
1729,6.5519,7.7196
1730,9.0351,7.7299
1731,7.6495,7.7294
1732,6.696,7.7385
1733,7.6859,7.7478
1734,8.135,7.753
1735,6.8663,7.741
1736,7.1659,7.731
1737,7.3011,7.7253
1738,8.0572,7.7161
1739,8.0842,7.717
1740,7.6335,7.7141
1741,8.8474,7.7272
1742,8.1075,7.7213
1743,8.4428,7.7361
1744,7.4183,7.7195
1745,6.3794,7.7109
1746,8.1033,7.7048
1747,9.0247,7.7128
1748,8.1314,7.709
1749,8.2455,7.706
1750,6.8434,7.6933
1751,7.7043,7.6872
1752,8.1771,7.6932
1753,8.6386,7.6973
1754,8.928,7.7042
1755,7.473,7.6969
1756,8.0154,7.6893
1757,7.4323,7.7018
1758,7.826,7.6969
1759,8.0107,7.6987
1760,6.8918,7.6954
1761,9.0117,7.716
1762,7.3627,7.7008
1763,7.201,7.6898
1764,8.108,7.6958
1765,7.6809,7.6987
1766,6.0499,7.6816
1767,8.3874,7.6882
1768,7.3949,7.6766
1769,7.0036,7.6687
1770,9.3352,7.6774
1771,8.1746,7.6855
1772,6.9842,7.6731
1773,7.2032,7.6657
1774,7.1262,7.6627
1775,7.2042,7.6583
1776,5.8953,7.6365
1777,7.9818,7.639
1778,8.3994,7.6415
1779,5.9827,7.6416
1780,8.4641,7.658
1781,6.5599,7.6384
1782,7.357,7.6358
1783,7.923,7.6381
1784,6.9139,7.6547
1785,-5.9959,7.5077
1786,6.7505,7.4945
1787,-5.8716,7.3594
1788,5.9303,7.3477
1789,-3.8752,7.2286
1790,5.0121,7.2002
1791,5.9418,7.1834
1792,7.3726,7.1683
1793,4.0677,7.1214
1794,-4.7993,6.9946
1795,5.9434,6.9653
1796,-9.8236,6.7885
1797,8.7615,6.786
1798,-8.6557,6.6122
1799,7.4111,6.6017
1800,-7.8137,6.4312
1801,6.0837,6.4078
1802,6.2721,6.3816
1803,-5.1062,6.2506
1804,-6.2126,6.1028
1805,-9.6901,5.9455
1806,-3.118,5.8391
1807,-7.4216,5.6848
1808,-4.4578,5.5668
1809,-9.3418,5.3965
1810,-6.747,5.2472
1811,-10.0123,5.0678
1812,-6.0413,4.9338
1813,-10.2801,4.7492
1814,-4.4129,4.6206
1815,-0.249,4.546
1816,-6.7901,4.3871
1817,-3.0507,4.2704
1818,-6.2547,4.1254
1819,-10.8177,3.9493
1820,-3.0894,3.8334
1821,-8.201,3.6765
1822,-5.3365,3.5397
1823,-5.8529,3.4084
1824,-5.1931,3.2828
1825,-1.9583,3.185
1826,2.3656,3.1603
1827,4.0542,3.2483
1828,5.2391,3.2394
1829,4.1728,3.2156
1830,7.0867,3.1962
1831,-3.8553,3.0811
1832,1.9972,3.0341
1833,-0.4492,2.9528
1834,-1.872,2.8527
1835,-1.482,2.7692
1836,-1.1928,2.6856
1837,0.0988,2.6136
1838,5.5201,2.5882
1839,3.2381,2.5398
1840,-1.9099,2.4443
1841,3.3753,2.3896
1842,8.6316,2.3949
1843,5.3178,2.3636
1844,7.5149,2.3646
1845,8.0081,2.3809
1846,7.7295,2.3771
1847,6.829,2.3552
1848,7.6693,2.3505
1849,10.2347,2.3704
1850,7.7189,2.3792
1851,6.7807,2.37
1852,7.5525,2.3637
1853,5.5977,2.3333
1854,7.7617,2.3216
1855,7.2312,2.3192
1856,6.9562,2.3086
1857,7.4477,2.3088
1858,6.9289,2.2998
1859,7.8948,2.2987
1860,7.8479,2.3082
1861,7.1799,2.2899
1862,7.3703,2.29
1863,8.2271,2.3002
1864,7.9024,2.2982
1865,7.6257,2.2976
1866,7.1106,2.3082
1867,8.03,2.3047
1868,7.5861,2.3066
1869,7.702,2.3136
1870,8.3557,2.3038
1871,7.9687,2.3017
1872,8.3947,2.3158
1873,7.6187,2.32
1874,7.5269,2.324
1875,7.2175,2.3241
1876,7.6389,2.3415
1877,7.3198,2.3349
1878,7.6567,2.3275
1879,7.1419,2.3391
1880,7.5144,2.3296
1881,7.2215,2.3362
1882,8.4444,2.3471
1883,7.5789,2.3436
1884,8.4258,2.3587
1885,6.0489,2.4792
1886,8.4285,2.496
1887,7.5997,2.6307
1888,7.4624,2.646
1889,7.7092,2.7619
1890,7.3583,2.7853
1891,7.628,2.8022
1892,7.9691,2.8081
1893,7.6458,2.8439
1894,8.9558,2.9815
1895,8.7737,3.0098
1896,6.7596,3.1756
1897,7.1042,3.159
1898,8.3116,3.3287
1899,7.5867,3.3305
1900,8.3653,3.4923
1901,8.666,3.5181
1902,7.6587,3.5319
1903,6.441,3.6474
1904,7.4274,3.7838
1905,8.619,3.9669
1906,7.3073,4.0712
1907,7.7984,4.2234
1908,7.8659,4.3466
1909,8.1718,4.5217
1910,8.6565,4.6758
1911,8.9508,4.8654
1912,7.5025,5.0008
1913,9.5468,5.1991
1914,7.6723,5.32
1915,7.311,5.3956
1916,8.1459,5.5449
1917,7.1649,5.6471
1918,8.229,5.7919
1919,6.1572,5.9617
1920,7.7644,6.0702
1921,7.7733,6.2299
1922,8.979,6.3731
1923,6.351,6.4951
1924,8.7812,6.6349
1925,8.1702,6.7362
1926,7.9184,6.7917
1927,8.3399,6.8346
1928,7.9852,6.862
1929,7.3064,6.8933
1930,8.4462,6.9069
1931,8.8416,7.0339
1932,6.7926,7.0819
1933,8.3667,7.17
1934,7.1061,7.2598
1935,7.6175,7.3508
1936,7.2817,7.4355
1937,7.9946,7.5145
1938,9.3254,7.5526
1939,7.744,7.5976
1940,7.5486,7.6922
1941,8.2563,7.741
1942,7.8627,7.7333
1943,7.5301,7.7554
1944,9.2024,7.7723
1945,7.4973,7.7672
1946,9.5476,7.7854
1947,8.9342,7.8064
1948,8.0404,7.8102
1949,8.4779,7.7926
1950,7.9457,7.7949
1951,8.1551,7.8086
1952,8.1942,7.815
1953,7.4911,7.834
1954,8.6084,7.8424
1955,8.9089,7.8592
1956,7.6473,7.8661
1957,8.1461,7.8731
1958,8.3609,7.8874
1959,9.309,7.9016
1960,9.0633,7.9137
1961,8.4765,7.9267
1962,8.4598,7.9376
1963,7.8032,7.9333
1964,8.5056,7.9394
1965,9.0145,7.9532
1966,8.6717,7.9689
1967,7.4508,7.9631
1968,8.0081,7.9673
1969,7.6141,7.9664
1970,8.202,7.9649
1971,8.5123,7.9703
1972,7.6242,7.9626
1973,8.6543,7.973
1974,7.7207,7.9749
1975,8.5201,7.9879
1976,8.141,7.9929
1977,9.1579,8.0113
1978,7.8934,8.0137
1979,8.1129,8.0234
1980,7.2061,8.0203
1981,8.775,8.0358
1982,8.2274,8.0337
1983,8.8104,8.046
1984,7.5877,8.0376
1985,9.0853,8.068
1986,8.553,8.0692
1987,8.7543,8.0808
1988,6.9184,8.0753
1989,7.7731,8.076
1990,8.761,8.09
1991,7.2883,8.0866
1992,7.5436,8.0823
1993,8.2826,8.0887
1994,8.3052,8.0822
1995,8.1105,8.0756
1996,8.0203,8.0882
1997,8.0655,8.0978
1998,8.0388,8.0951
1999,8.2322,8.1015
2000,7.3308,8.0912
